{
  "anu": {
    "emoji": "🤖",
    "color": "#cccb00",
    "description": "beeeee",
    "greeting": "hii",
    "glb_url": null,
    "is_custom": true,
    "display_name": "Anu"
  },
  "anuu": {
    "emoji": "🤖",
    "color": "#cccb00",
    "description": "beee",
    "greeting": "hii",
    "glb_url": null,
    "is_custom": true,
    "display_name": "Anuu"
  },
  "hii": {
    "emoji": "🤖",
    "color": "#00cc6e",
    "description": "asdfgh",
    "greeting": "dsvcx ",
    "glb_url": null,
    "is_custom": true,
    "display_name": "hii"
  },
  "hiiwsd": {
    "emoji": "🤖",
    "color": "#00cc6e",
    "description": "asdfgh",
    "greeting": "dsvcx ",
    "glb_url": "https://models.readyplayer.me/69a002e62de3dcd983bb7fb9.glb",
    "is_custom": true,
    "display_name": "hiiwsd"
  }
}