{
  "current_theme": "hii",
  "custom_themes": {
    "be": {
      "name": "be",
      "primary_color": "#cccb00",
      "secondary_color": "#66ea9f",
      "accent_color": "#cccb00",
      "bg_color": "#ffffff",
      "text_color": "#333333",
      "chat_user_bg": "#E3F2FD",
      "chat_bot_bg": "#F5F5F5",
      "is_dark": false
    },
    "sfgh": {
      "name": "sfgh",
      "primary_color": "#50565c",
      "secondary_color": "#891d96",
      "accent_color": "#50565c",
      "bg_color": "#FFFFFF",
      "text_color": "#fbf2f2",
      "chat_user_bg": "#30bfbf",
      "chat_bot_bg": "#e83f3f",
      "is_dark": false
    },
    "hii": {
      "name": "hii",
      "primary_color": "#6585a6",
      "secondary_color": "#7c8ac9",
      "accent_color": "#6585a6",
      "bg_color": "#9b8bbb",
      "text_color": "#181717",
      "chat_user_bg": "#9ebbd2",
      "chat_bot_bg": "#c9a7a7",
      "is_dark": false
    }
  }
}